meal_description,carb,protein,fat,energy
"During lunch, I indulged in a cup of tender artichoke hearts, boiled and lightly salted for flavor.",0.042008330668735556,0.040419580419580416,0.002460507815730709,0.03724116348210095
"For a quick snack, I grabbed a small or medium bag of wheat crackers paired with two cups of dry mix biscuits.",0.36127884447673064,0.1735431235431235,0.16530029222837922,0.4701653424205017
"For my snack, I indulged in two cups of delicious chocolate ice cream.",0.16343890848415613,0.08351648351648351,0.12509304441319988,0.2478571552758315
"For my evening meal, I cooked up a quarter cup of dry long-grain white rice, enriched and parboiled to perfection.",0.16426271100952528,0.05783175158175157,0.004104077068342844,0.15036858667872108
"For dinner, I used a tablespoon of mustard, enhancing the taste of my favorite dish with its bold flavor.",0.003490595643802497,0.010614385614385612,0.004367918286328674,0.008997339916894135
"For a light snack, I opted for a refreshing half cup of skim milk, which is a great source of calcium.",0.027000525674922584,0.0728146853146853,0.002638412179858297,0.03940139437036007
"Dinner consisted of a 2 oz cut of grass-fed Australian beef, which I marinated and cooked to enhance its natural flavors.",0.0038699509439591453,0.42596070596070595,0.9999999999999999,1.0
"For my dinner, I treated myself to a cooked frozen thin crust cheese pizza, finishing off three-quarters of the pie.",0.5273038672177417,0.8269180819180819,0.3976950831196758,0.9533790009910114
"During lunch, I savored a serving of beans, which started as 0.75 oz dry and transformed into a hearty dish after cooking.",0.058642006815881956,0.07797202797202796,0.0028042552311636744,0.06343776622563764
"For my evening meal, I savored a tablespoon of delicious vegetable soup, crafted from a dry mix.",0.0032769887531471616,0.0018956043956043936,0.0029697752115898876,0.005498374393657528
"For lunch today, I had a nutritious serving of 0.5 cup of raw lentils and 0.5 cup of crispy fried meat substitute cubes.",0.4633425438956123,0.5492640692640691,0.05423713919444215,0.5215762296364553
"During my afternoon snack, I treated myself to a slice of Edam cheese.",0.002046937973761917,0.0872027972027972,0.04964436357621371,0.06498948137072519
"For a satisfying snack, I cooked two pieces of raw, light meat chicken without bone or skin, using just under a tablespoon of sunflower oil to keep it moist.",0.0,0.9999999999999999,0.18476208198935848,0.39033676999843525
"During my afternoon break, I chewed on two blocks of gum, enjoying the burst of flavor.",0.06793269912064431,0.0,0.0004135307253328922,0.05007215258097606
"I opted for an ounce of rice bran bread as my snack today, and it was a delightful choice to keep my energy up.",0.05414704167079666,0.0420104895104895,0.011235112893888016,0.05988707686423145
"At dinner time, I indulged in a comforting cup of creamy mashed potatoes made from fresh ingredients and blended with milk.",0.19319019915384888,0.08949383949383949,0.08765989854712872,0.2477528382912878
"For my snack, I indulged in a tablespoon of white granulated sugar.",0.05466404498785042,0.0,0.0003446089377774102,0.043574073752108075
"For dinner, I relished the sweet and tart flavors of half a green kiwifruit along with an ounce of rich parmesan cheese.",0.026214900167318082,0.17529845154845153,0.06260596724836655,0.11490255055027211
"At dinner time, I enjoyed a delicious plate with four slices of blood sausage.",0.005663985384283297,0.24309024309024305,0.2972252088330163,0.32946780951718624
"I savored two flatbread crackers for my snack, appreciating their flavor and crunch.",0.0660622667379275,0.0328005328005328,0.014215118683318168,0.07163099605334076
"I enjoyed a cup of rounds of plain melba toast crackers for breakfast, appreciating their wholesome simplicity.",0.11098776941388618,0.06648351648351647,0.00909767595732363,0.11187996592311837
"During my afternoon snack, I enjoyed a tablespoon of brown sugar, adding a touch of sweetness to my day.",0.05921883323437824,0.0002747252747252747,0.0,0.045421353686736096
"I opted for a large raw apple as my snack, relishing its natural crunch and delightful flavor.",0.12101434074997093,0.00971028971028971,0.002419154743197419,0.09012987464575692
"For my snack, I had half a tablespoon of powdered fruit-flavored drink mix.",0.027940132552625396,0.0,0.0005655894191271744,0.021471912651911607
"For breakfast, I had three-quarters of a cup of uncooked white glutinous rice.",0.49760087409783743,0.15732392607392603,0.006574492391034654,0.4462810995010171
"As a light snack, I savored a whole banana and a cup of sliced raw pears.",0.21925594770604748,0.02391608391608391,0.004728034626306067,0.17561764347931919
I treated myself to a snack consisting of a 0.25 cup serving of enriched white wheat flour bread.,0.10907134459171172,0.06831751581751581,0.004898185289333664,0.10748343967870369
"I satisfied my sweet tooth at snack time with two servings of cocoa mix powder, which I enjoyed as a creamy hot chocolate.",0.20587401386556795,0.06219114219114218,0.01929810051553497,0.19375141262583237
"For my snack, I enjoyed a large raw yellow peach.",0.07330250851985241,0.026515151515151512,0.0037691602569404235,0.05933028495922945
"During my snack time, I measured out a quarter cup of unenriched white all-purpose flour to satisfy my cravings.",0.10470414841924863,0.05374833499833499,0.002638412179858297,0.09888380826538241
"A perfect little indulgence for my snack was a half-cup of flan, smooth and sweet.",0.16119087707582047,0.11320346320346321,0.055326964960163205,0.2011579185284351
"For my evening meal, I savored a cup of bread made from unenriched wheat flour, paired with an ounce of rich red table wine, and a half-cup serving of mixed vegetables cooked in oil.",0.4911810320593647,0.3162812187812188,0.04389844029994761,0.523666915868352
"For a quick snack, I peeled and savored a yellow raw plantain.",0.3780512663123602,0.05844155844155843,0.008141386154991315,0.28635012257245684
"During snack time, I enjoyed a refreshing 12 fl oz of caffeine-free cola paired with a delicious slice of fried bread.",0.1795483366817805,0.04051948051948052,0.04220081052022165,0.18516264756506773
"I treated myself to a delicious snack of half a cup of instant pudding, the coconut cream variety, prepared with smooth whole milk.",0.06163865024593881,0.03548951048951048,0.02216266231080969,0.0747561590486291
"For a quick snack, I grabbed 0.5 ounces of oil-roasted peanuts without any salt, keeping it simple and tasty.",0.009497515585015598,0.06615472027972029,0.0641134159705566,0.07381143835735522
"For a quick snack, I indulged in 10 pieces of unsalted corn-based chips that were perfectly extruded.",0.04536457131039925,0.019780219780219776,0.05179472334794474,0.08715684058626146
"I snacked on a vibrant quarter cup of raw yambean slices, perfect for satisfying my cravings.",0.011617756067297369,0.0035964035964035942,0.000232611032999751,0.009910113531651513
"For my dinner, I served myself a quarter cup of pickled vegetables, bringing a zesty note to the evening's feast.",0.017299304196958284,0.006593406593406593,0.0007926005568880434,0.01495210111793035
"For breakfast, I had two boiled baby potatoes paired with a cup of whole milk.",0.1573499046617344,0.17020979020979018,0.11120530422077025,0.26082723368743155
"I included a half-cup of frozen mixed vegetables, cooked with oil, in my lunch for a healthy and tasty addition.",0.051457746284848185,0.04266150516150516,0.02430569914261296,0.07156579793800094
"For my snack, I savored a quarter-ounce of cooked rendered bacon fat.",0.0,0.00024766899766899764,0.1821581307032779,0.16588573812959645
"For my snack, I had a third of a cup of dry, fat-free skim milk.",0.013123102880476845,0.034618714618714616,0.0003814390180023709,0.018094650277309318
"For my breakfast today, I opted for a comforting cup of white corn grain, perfect for fueling my morning.",0.5412469307730364,0.2603596403596403,0.06778802415019436,0.5267138411252326
"For breakfast, I had half a cup of yellow corn grain.",0.2706234653865182,0.13017982017982016,0.03389401207509718,0.2633569205626163
I had a delightful snack consisting of 0.75 of a cooked duck egg.,0.003134950049905639,0.10454545454545455,0.08390150731949383,0.10223064485282612
"For snack, I relished a medium boiled sweet potato, about 0.75 of one, sprinkled with salt, and washed it down with a fruit-flavored soft drink that contains caffeine, enjoying a refreshing 1 fl oz serving.",0.1055749312885029,0.02583291708291708,0.0013659436771152095,0.08802614879079229
"During snack time, I indulged in a half-ounce of plain biscuits made from a dry mix.",0.03945887864285642,0.018881118881118878,0.018806602018029937,0.052740059460681186
"During snack time, I enjoyed a boiled sweet potato, about 0.75 of a medium one, seasoned lightly with salt.",0.08811185449089828,0.02583291708291708,0.0013659436771152095,0.07482135716396891
"For my evening meal, I savored a boiled frankfurter, cutting it in half for a lighter portion.",0.0054444510670630135,0.04291541791541791,0.056602018029939624,0.06476346123754716
"For breakfast, I had a warm cup of instant oats prepared with boiling water.",0.11989998455576079,0.09233766233766234,0.027417087089570753,0.13832432150494636
"At dinner, I enjoyed some fresh raw jackfruit, having a quarter-cup of those delicious one-inch pieces.",0.0385365052090554,0.010810855810855807,0.0020814379841755577,0.031175565484987046
"I treated myself to a snack of 0.25 cup of Quaker Puffed Rice, perfect for a little crunch.",0.0134895056559175,0.004085081585081585,0.0002713795384997105,0.011653076481735834
"During my afternoon snack, I enjoyed a dry teaspoon of instant coffee, sweetened and lightened for a quick pick-me-up.",0.0044740215712224755,0.000554778554778553,0.00426195103796212,0.007522123893805309
"During my afternoon break, I treated myself to a delightful half-cup serving of cooked cassava.",0.1391671943722817,0.01891441891441891,0.020883301629311055,0.1328302936523115
I enjoyed a light snack of 0.5 ounces of regular low-salt crackers to satisfy my cravings.,0.03803212511524179,0.017495837495837493,0.030951051746478095,0.061967766051775994
"To begin my day, I savored a half cup of chicken noodle soup, which I prepared with water for a quick and hearty breakfast.",0.01973942813286173,0.01713286713286713,0.005804506795688252,0.02449275866265626
"I kicked off my day with a serving of cooked noodles, derived from 0.75 oz dry, providing a filling and satisfying breakfast.",0.06176872432889183,0.042239010989010985,0.00998289016623935,0.06699106351165743
"For my snack, I had two slices of white wheat bread.",0.10796522093439732,0.0993939393939394,0.010372729027100045,0.11586139749986961
"For my snack, I had a couple of tablespoons of whole-grain sorghum flour alongside a 4 oz container of plain whole milk yogurt.",0.0740164341194528,0.08651577589077587,0.035991603603231045,0.10712376340907906
"At lunchtime, I whipped up a delicious recipe using two cups of whole-grain sorghum flour, perfect for a filling meal.",0.8143353274733037,0.3396703296703297,0.06963512805668126,0.7552375819322983
"For a healthy snack, I peeled a juicy banana to enjoy.",0.11613365380952961,0.014169164169164167,0.0028731770187191566,0.09697133021541457
"For a quick snack, I had a guideline serving of whole goat's milk with my steaming hot cereal.",0.011918518081889155,0.03615717615717615,0.02175688528657679,0.03658918232870282
"For dinner, I had half of a boiled baby potato.",0.0269368607229287,0.00934065934065934,0.010984409891654948,0.032859850131265536
I treated myself to a quarter of a delicious wheat biscuit as a light snack between meals.,0.021684502183433433,0.014048451548451546,0.017629977876106196,0.035402576629518234
"I prepared a satisfying dinner featuring two cups of cooked red kidney beans, simply boiled and sprinkled with salt.",0.35438107622966936,0.511018981018981,0.0152489454966504,0.3908235825929725
"For my dinner, I had a delicious chicken wing drummette complemented by a quarter cup of tender cooked rice noodles.",0.046964537414300664,0.0989010989010989,0.03495023846938494,0.09046021176347863
"For dinner, I had a three-quarters cup of cooked white corn grain alongside a tablespoon of cooked cassava.",0.4233310973763125,0.1976340326340326,0.053451430816309646,0.4116391675504633
"At snack time, I provided a 0.75 fl oz bottle of infant formula, made with water, specially formulated for premature infants.",0.007201329324197632,0.007465034965034965,0.0074493683318170535,0.013919797625049985
"For my evening meal, I savored an ounce of cooked pasta and complemented it with a half drink of a refreshing fruit-flavored soft drink that packs a caffeine kick.",0.18634885122631323,0.07672327672327671,0.006340804455104348,0.168606672809778
I included one large raw egg yolk in my breakfast to kickstart my day with protein.,0.002679635875990772,0.04489177489177489,0.03887016513660298,0.047585931116017874
"During my afternoon snack, I enjoyed a refreshing half-cup of fat-free nonfat milk, enriched with protein and essential vitamins.",0.030027025772121404,0.0810989010989011,0.0026491812091638408,0.04383921275448998
I treated myself to a light snack consisting of a 0.25 prepackaged single serving of honey cereal.,0.025066428340211895,0.010014985014985014,0.0036894694400793977,0.025296868751847282
I munched on a quarter cup of raw purple passion fruit during my snack time.,0.060566005572000495,0.02161172161172161,0.00355808728255176,0.04975050854529965
"For my dinner, I indulged in a half liver of chicken that was cooked to perfection in a pan, offering a delightful and hearty meal.",0.0010722056053038612,0.09443223443223443,0.012187095084498112,0.03289462245944678
"I opted for a light snack today, consisting of a tiny 0.25 fl oz serving of low iron infant formula.",0.0023100498529504262,0.0018154761904761885,0.0023648788354974767,0.004374793539301424
"For my dinner, I sipped on a 2 fl oz serving of cola that was free of caffeine, making it a perfect choice for the evening.",0.028522425375620473,0.0,0.0,0.021883964740859223
"For breakfast, I had a quarter cup of cooked white long-grain parboiled enriched rice.",0.04517906481234811,0.019138361638361637,0.0012591149064042125,0.04223533911713059
I sipped on 0.75 fl oz of NFS infant formula for my afternoon snack.,0.007151110849133492,0.005255994005994006,0.00701580721197585,0.013124380617904273
"During dinner, I indulged in an ounce of cooked chicken, relishing every bite, especially the skin.",0.00012447595786390037,0.11833741258741258,0.02601172876519725,0.048303979692960346
"I enjoyed a simple breakfast today, featuring a quarter cup of medium-grain white rice, raw and unenriched.",0.1698240641005081,0.053652597402597396,0.002435954428914068,0.15256358989516144
"At snack time, I opted for two scoops of ABBOTT NUTRITION's SIMILAC PM 60/40 infant formula powder for a wholesome treat.",0.041973029550526536,0.03302697302697302,0.04303769332561409,0.07926004485630336
"For my snack, I enjoyed a quarter container of delicious vanilla-flavored low-fat yogurt that was sweetened with a low-calorie sweetener.",0.025751375409939176,0.034885947385947386,0.0045768374548562285,0.031773214875601995
"I grabbed a 2 oz container of yogurt for my snack, and it was the perfect little indulgence to hold me over.",0.017464394003507938,0.04938811188811188,0.007544781931464174,0.03094302554027505
"At dinner time, I included a tablespoon of raw lentils as a healthy ingredient in my dish.",0.0333779975901718,0.0492107892107892,0.0010958564221321644,0.036719578559382446
"At dinner time, I served a scoop of powdered Enfamil Prosobee infant formula, ensuring it had the essential iron and beneficial ARA and DHA.",0.0210963697476003,0.018608058608058604,0.02046977090397817,0.03916755046334127
"During my snack time, I enjoyed a creamy 4 oz serving of whole milk yogurt that had a delightful flavor twist.",0.04668748510596866,0.06208791208791208,0.030179127725856698,0.07662082514734775
"For breakfast, I had a light serving of raw mature fava beans, about three-quarters of a tablespoon.",0.018043284044586105,0.03066033966033966,0.0009292810768340087,0.020898603891023524
"This morning's breakfast consisted of two cups of nonfat evaporated milk, a tablespoon of chocolate malted drink mix made with whole milk, and a cup of raw egg whites to round it out.",0.14350914409826443,0.7721138236763236,0.012664432308466351,0.29566747657214393
"I treated myself to a snack of half a cup of skim evaporated milk, deliciously enhanced with two teaspoons of brown sugar.",0.10241398837543836,0.15857542457542456,0.002171036307997684,0.11582662517168839
"I decided to indulge in a tablespoon of palm oil during my snack, enjoying its unique taste straight from the spoon.",0.0,0.0,0.11716703884431945,0.10451170958151504
"For dinner, I had a quarter slice of frozen cooked thick crust pizza with meat toppings.",0.03477730932813388,0.05041958041958042,0.02555619882557274,0.061334040370673026
"For my snack, I had half a cup of raw papaya cut into one-inch pieces.",0.03444273902869017,0.005673493173493171,0.0016239696192760454,0.027100683276248764
"For my dinner, I enjoyed a serving of O'Brien potatoes, measuring half a cup, paired with a refreshing juice pouch filled with fruit juice rich in vitamin C.",0.17003986633433563,0.04247752247752248,0.012677301298486477,0.15187683641358204
"For my dinner, I enjoyed a delicate serving of raw shrimp, about a quarter ounce, cooked lightly in half a teaspoon of refined soybean oil.",0.0,0.07111638361638362,0.020317927590769995,0.03299241963245649
"During dinner, I treated myself to a quarter slice of fried green plantains, which made for a delightful side dish.",0.028605431300961465,0.003309190809190809,0.013481317026438396,0.03559165116400369
"As a light snack, I opted for half a cup of plain bottled water.",0.0,0.0,0.0,0.0
"As a delightful snack, I savored a piece of commercially prepared fruitcake, enjoying its rich flavors.",0.11630049989061704,0.02076257076257076,0.03371136933807515,0.12111201905523584
"I treated myself to a refreshing snack of half a cup of sweet canned cherries, pitted and ready to eat.",0.06402674454866104,0.015897435897435894,0.001388774019242963,0.04958533998643879
"While watching a movie, I snacked on a package of pumpkin seeds, enjoying their delicious flavor.",0.0322934980631036,0.2484182484182484,0.2112883549747746,0.24949145470034947
I decided to treat myself to two pieces of hard candies during my snack time.,0.05163447141021052,0.0,0.0002067653626664461,0.04110089191021785
"During snack time, I enjoyed a chocolate croissant alongside two refreshing bottles of liquid yogurt.",0.22008139673879576,0.1851248751248751,0.1293808411214953,0.32502564459203365
"For dinner, I relished a large boiled potato alongside a 0.75 cup serving of pitted sweet cherries, enjoying the contrast of flavors.",0.3654087240522786,0.11725274725274724,0.11192725994541393,0.4029765112923136
"During lunch, I enjoyed a savory preparation with half a unit of raw chicken giblets, which contributed a unique taste to my dish.",0.0013093026679017667,0.04170163170163169,0.011108469109254818,0.020446128970565223
"My midday meal consisted of a quarter ounce of farmed crayfish, cooked to perfection with moist heat.",0.0,0.06198801198801198,0.002379955476525239,0.0160713354312638
I kicked off my breakfast with a unique choice: a quarter ounce of raw goat meat to get my protein fix.,0.0,0.02430944055944056,0.0014104951513522455,0.006715731870577394
"For a quick bite, I seasoned my avocado toast with 0.75 teaspoons of paprika, giving it a delightful touch.",0.0040891669364194584,0.004061188811188811,0.0019156164709287899,0.004228749760940244
I had a vibrant snack featuring a quarter cup of fresh coconut to satisfy my cravings.,0.014209907517875856,0.011781968031968031,0.06131131454525404,0.06539370968583201
I enjoyed a delightful lunch featuring 3 oz of moist heat-cooked queen crab that was simply irresistible.,0.0,0.33569763569763567,0.011057639290932649,0.08497487699288907
"For breakfast, I had a large fried egg cooked to perfection.",0.0016763640462940795,0.10423909423909422,0.058810961321092814,0.07837682772050003
"To kick off my breakfast, I had a single peeled banana that was wonderfully overripe.",0.09707807507480906,0.013369963369963368,0.0020848840735533314,0.08128031712363301
"During lunch, I delighted in a tablespoon of perfectly boiled green plantains.",0.010959015906688255,0.0015539668664668663,5.901428059438149e-05,0.009006576316567276
"For my snack, I had a small biscuit prepared from a recipe, perfectly fluffy and warm.",0.027415445534468917,0.016317016317016316,0.01965993990020125,0.04296121146791384
"For my midday meal, I included a 0.25 plantain, showcasing its unique flavor.",0.10744250972509584,0.01389235764235764,0.00040254631544123725,0.08820001043169845
"For lunch, I treated myself to a quarter of a delicious cooked egg yolk, mixed with a little fat for a richer taste.",0.00021075294453147151,0.012587412587412585,0.014025583767540593,0.015517151450875394
"I treated myself to a tablespoon of dry, unsweetened cocoa powder processed with alkali as a delightful snack.",0.013822758749457887,0.016273726273726273,0.0060944090645935,0.010327381469826313
I decided to treat myself to a tablespoon of raw fish as a quick snack.,0.0,0.024191433566433565,0.0017009681788106854,0.00689470069718518
"This morning, I enjoyed a comforting bowl of fish stock soup, measuring about 0.75 cup.",0.0,0.06575674325674324,0.012194633405011993,0.02430585739868213
"For my snack, I had a quarter-ounce serving of cooked milkfish prepared with dry heat.",0.0,0.09312354312354311,0.0157992428941637,0.035098318757932435
"To satisfy my craving, I had a snack consisting of one unroasted peanut, which was both simple and satisfying.",0.0007082177073526323,0.004295704295704295,0.004242136024039919,0.004928977519689831
"For breakfast, I started my day with a fresh coconut, yielding delicious unsweetened coconut water.",0.03835001080657677,0.0075457875457875445,0.0,0.032233948224003335
"During snack time, I treated myself to a delicious medium eastern oyster that had been cooked with dry heat.",0.018858875986491178,0.06876456876456875,0.010775921484299615,0.04051845541318219
"I treated myself to a 0.75 fl oz malt beverage for my snack, enjoying the unique flavors of this non-alcoholic beer.",0.00784659556608735,0.0007762237762237762,0.00022950955255975517,0.007140497592016274
"I decided to nibble on a raw red hot chili pepper, using just a quarter of it for a fiery snack.",0.004351719003099056,0.0035027472527472524,0.0004264535604995451,0.003911886920388755
"During my snack time, I savored an ounce of boiled peanuts, a perfect crunchy treat.",0.02646358864186522,0.06372377622377622,0.05375757278140766,0.07837074256306832
"I opted for a simple yet satisfying lunch of two cups of raw cucumber slices, which helped keep me hydrated.",0.016575719087400232,0.011255411255411255,0.000985581562043393,0.013561207990681017
"For breakfast, I had half an ounce of cooked whelk, prepared using moist heat.",0.02896096712769971,0.3373959373959374,0.0029291759711079866,0.10160039640454127
"For my snack, I had an ounce of freshly cooked pork with separable fat.",0.0,0.03332517482517482,0.16144368745347779,0.15427699636629175
"During my snack time, I enjoyed a 0.25 package of frozen okra, which was a nice crunchy treat.",0.006913684485059757,0.006682900432900432,0.0005115288920133432,0.006193820957282195
"During my lunchtime, I enjoyed a refreshing cup of raw taro leaves, perfect for a light yet nutritious option.",0.008236927582105012,0.023216783216783214,0.0017850742976869846,0.010223064485282611
"For breakfast, I started my day with a cup of pureed raw avocados, a creamy and nutritious choice.",0.08614087539089457,0.07659007659007658,0.29048810409946796,0.31990541926734706
Today’s lunch featured a delicious ounce of dried and salted cod fish from the Atlantic.,0.0,0.296527972027972,0.005788525556198827,0.07147017403550256
"My snack consisted of two cups of tender, boiled yams, perfectly seasoned with salt.",0.3223325784645836,0.06747918747918748,0.003280677087640945,0.2695550880609211
"I enjoyed a simple lunch featuring a quarter-cup of raw yam cubes, which added a delightful crunch to my meal.",0.04590462573076114,0.009552947052947052,0.0005492204945827475,0.03846688805048942
"For breakfast, I had half an ounce of roasted wild boar, which was a unique and hearty way to start my day.",0.0,0.20025807525807524,0.016037238441816225,0.05911295790809674
"For my snack, I prepared a portion of blackeyed peas, using 2 ounces of dried peas which yielded a hearty serving after cooking.",0.12196272900036256,0.17214785214785214,0.08684145231990736,0.20779943321105065
"For lunch, I had a delicious cup of fresh sweet potato fries.",0.049421565492630076,0.01818181818181818,0.04750434207261599,0.08501834240311561
"During my lunch, I enjoyed a small serving of 0.75 oz of whole raw frozen salted pasteurized egg.",0.000765296629829906,0.038356643356643357,0.018218613017947232,0.025192551767303582
"I kicked off my morning with a warm buttermilk pancake, crafted from a recipe that never disappoints.",0.04788482527208809,0.04302364302364302,0.03044619965263419,0.07498652572282978
"For breakfast, I treated myself to a whole guava, enjoying the burst of flavor it brings with each bite.",0.03458104564853895,0.023351648351648352,0.00450145424971742,0.032512126849453205
"For my snack, I had a tablespoon of fresh raw basil to add a burst of flavor to my day.",0.0003490595643802493,0.0015734265734265716,0.00016541229013315687,0.0005998226611262757
"For a quick snack, I grabbed a handful of oil-roasted peanuts, totaling a quarter-ounce, lightly salted for flavor.",0.004748757792507798,0.033077360139860144,0.0320567079852783,0.03690571917867761
"For my snack, I had two raw common guavas and a three-quarters cup of fresh mango.",0.1505555370780839,0.0635989010989011,0.01305421732418052,0.12957038788532088
"To start my day, I enjoyed a breakfast featuring two tablespoons of cooked black-eyed cowpeas, sautéed yellow onions in a quarter cup, half a cup of whole-grain sorghum flour, and three-quarters of a cup of fresh apple slices.",0.2767941359749459,0.11957729770229769,0.039545921725525866,0.2680446650555488
"For my snack, I had a cup of fortified puffed rice cereal.",0.055199708721867906,0.014685314685314683,0.0006030656411104678,0.04892466575099536
"For my snack, I had a quarter cup of unenriched white corn flour masa.",0.09584056012863833,0.040144855144855135,0.009060199735340335,0.08993428029973748
"At dinner, I relished a half-ounce slice of sponge cake, crafted from a recipe that always brings back sweet memories.",0.035911313843735256,0.017229020979020977,0.005251194069969398,0.03659765808369699
"For my snack, I prepared half a cup of sweetened instant lemon tea.",0.3937589467094714,0.0018181818181818182,0.005723092934138339,0.3172192569153468
"I enjoyed a refreshing cup of canned mangosteen, perfectly drained, as my afternoon snack.",0.1541288971594784,0.013379953379953378,0.009793786011633998,0.1243806179042718
"During my snack time, I opted for a creamy 4 oz serving of plain whole milk yogurt.",0.023120476152371307,0.06528638028638029,0.03163940809968847,0.05992141453831042
"For dinner, I had half a cup of creamy custard that was rich and delightful.",0.06261557795756906,0.10995670995670995,0.040767237339067626,0.10961976459133821
"For my lunch, I munched on two baby toddler biscuits, a great option for a light meal.",0.0141432788525995,0.007572427572427571,0.0010234885451989083,0.013735069631587184
I started my day with a refreshing three-quarters cup of bottled water for breakfast.,0.0,0.0,0.0,0.0
"For dinner, I sipped on a warm cup of brewed herbal tea, a perfect way to unwind after the day.",0.002081185327248281,0.0,0.0,0.0020602604447380775
"For dinner, I had a delightful serving of 2 ounces of chestnuts.",0.13184493456944327,0.029926573426573424,0.01074662972458854,0.12075994923240085
"At dinner, I made sure my little one had 2 fl oz of Enfamil Enfagrow toddler formula to nourish them.",0.019444593544834892,0.017367632367632363,0.01849860777989138,0.03499834831441139
"At lunch, I savored a piece of non-chocolate candy that was sugar-free, adding a little sweetness to my day.",0.021646083677919883,0.0,0.0,0.017125371629257438
"At lunch today, I had a tasty 2 oz portion of gruyere cheese that complemented my other dishes perfectly.",0.0008962268966200825,0.28142307692307694,0.15797545695145152,0.20356677156319
"For my snack, I had a quarter pound of fresh, mechanically separated pork.",0.0,0.2837832167832168,0.2592868662641634,0.2996818331971417
Lunch consisted of two ounces of deliciously toasted wheat bread.,0.1388404834013945,0.12234965034965035,0.020858231329087748,0.15427699636629175
"For lunch, I had two packets of instant fortified plain oats cereal.",0.1709346882113255,0.11114219114219114,0.03328922338929782,0.17622615922249074
"During my dinner, I enjoyed a small serving of a fortified chocolate drink made from milk and soy, about half an ounce, perfect for satisfying my sweet tooth.",0.09001126540348815,0.08326173826173826,0.017253277230998263,0.10404315245927291
"For my snack, I enjoyed a refreshing wedge of raw honeydew melon alongside a medium-sized raw apple, which I left unpeeled for that extra crunch.",0.1540586461779679,0.021623376623376624,0.0037329763184737958,0.11725229062711894
"For my lunch, I savored a quarter of a delicious frozen cheese pizza with a crispy rising crust.",0.05021287693905058,0.0715713453213453,0.026285477490144184,0.07854199627936088
"I snacked on a delightful mix of half a cup of raw pearled barley, half a cup of fava beans still in their pods, and two cups of crisp raw turnip for a healthy treat.",0.4634145511516605,0.287039627039627,0.016195758553193832,0.4174765721438879
"For my snack, I indulged in three-quarters of a cup of unenriched raw medium-grain white rice, complemented by three-quarters of a cup of soft enriched white bread, a cup of juicy raw orange, and three-quarters of a cup of fresh pear slices.",1.0,0.3997764735264735,0.025439893309072863,0.9104069231705408
I enjoyed a delicious half ear of raw corn as a refreshing snack to keep me energized.,0.04310556318620253,0.028583916083916083,0.0061060396162434865,0.03924926543456717
"For breakfast, I started my day with an ounce of unroasted peanuts paired with three-quarters of an ounce of salted sesame sticks.",0.0634889623084824,0.16037150349650348,0.1874920524563725,0.23973314411391417
"For my snack, I prepared a simple and refreshing dish of raw lettuce, measuring out one cup, complemented with a teaspoon of red wine vinegar, making it a delightful treat.",0.004546555709632058,0.006618381618381616,0.00042214594877732745,0.0050854529965053815
"As part of my dinner, I snacked on two large raw radishes, appreciating their freshness and slight spiciness.",0.0026871000427762617,0.0020379620379620375,0.00015507402199983457,0.0025036076290488028
"For dinner, I treated myself to half a piece of delicious white chocolate candy.",0.010404170361703644,0.003909423909423909,0.011058500813277092,0.01874228488968479
"While snacking, I relaxed with a half can of beer and two cups of hearty enriched white bread.",0.9006272424744459,0.5603263403263403,0.03918548231466931,0.9271519724603161
"For lunch, I had a quarter-ounce serving of romano cheese.",0.0011296193176148956,0.03752622377622378,0.01644967072615995,0.023843928751499557
"For a quick snack, I savored a fruit-filled pastry while using a small amount of dry fructose sweetener from a 0.25 packet.",0.1900438333194478,0.0609090909090909,0.1309703498469936,0.2702331484604552
"At lunchtime, I indulged in a delightful piece of sponge cake that was ready-made and wonderfully fluffy.",0.1017761094633231,0.034165834165834165,0.00883921925399057,0.09579776413929796
"This morning, I had a satisfying breakfast featuring two cups of uncooked dehydrated apples.",0.49279307255071325,0.026373626373626374,0.005996195517326937,0.36093676652120243
"This morning, my breakfast included 2 oz of delicious low-salt wheat crackers.",0.08092737442554729,0.040666000666000665,0.050402503239324006,0.11677590973103603
"For a delightful snack, I snacked on a comforting cup of hot cereal prepared with fat-free skim milk, using 2 guideline amounts per cup, alongside a portion of 0.75 oz of plain or buttermilk biscuit dry mix.",0.08554297367794512,0.09799533799533801,0.02905074883522179,0.1151689935149608
"In the mood for something light, I had a slice of rice bran bread with two tablespoons of sugar-free jelly as my snack today.",0.10355433743280741,0.043672993672993675,0.010700107517988586,0.09910982839856043
"For dinner, I enjoyed a small serving of a prepared cereal grain beverage with water, which served as a delightful coffee alternative. I had a quarter fluid ounce of this beverage, perfect for complementing my meal.",0.0004295188916414833,0.00012529137529137526,2.5931822567750116e-05,0.00039249265434567176
"During my lunch break, I enjoyed a 2 oz portion of ready-to-eat puffed wheat cereal, perfect for a quick and satisfying meal.",0.09925761177617204,0.06951048951048949,0.0029360681498635344,0.08986560495157954
"For my snack, I had two fresh green kiwifruits, enjoying their juicy sweetness.",0.08882709729640195,0.02619380619380619,0.006182284343726739,0.07317836465740564
"During my afternoon snack, I enjoyed a couple of slices of white wheat bread generously topped with a tablespoon of rich chocolate hazelnut spread.",0.16272586102182465,0.11740925740925741,0.06159884762771207,0.20957282194829358
"This morning, I enjoyed a raw quince, slicing half of the fruit to savor its crisp texture and aromatic flavor.",0.03090165049192701,0.003063603063603063,0.0003963002784440217,0.022793261122798475
"At dinner, I savored a small portion of frozen baked plain biscuits, weighing in at half an ounce.",0.03352759925064156,0.014632867132867131,0.01346992339343313,0.04164986004137907
"At dinner, I relished an ounce of unpeeled dried European chestnuts, which made for a lovely and satisfying accompaniment to my meal.",0.09623236302458138,0.03016258741258741,0.010868750516913404,0.09217187961819984
"I had a quick snack today, featuring an individual packet of dry fructose sweetener to sprinkle on my yogurt.",0.013172059033216969,0.0,0.0,0.00959716257802041
"For dinner, I had two tablespoons of dried black walnuts.",0.006561792927987365,0.06249350649350648,0.07973802828550161,0.08394387746231549
I kicked off my day with a tasty 2 fl oz serving of fruit nectar for breakfast.,0.035715598999933366,0.0011355311355311353,0.0003204863121329914,0.027487525427264983
"During dinner, I treated myself to two pouches of a wholesome vegetable and fruit juice drink, brimming with high vitamin C.",0.13709742482952886,0.0027838827838827834,0.0003601163399773936,0.10537754055322775
"My lunch consisted of a single jar of baby food, specifically the peach variety.",0.060398281353644216,0.014868464868464867,0.002700872549830452,0.05367978162977902
"For dinner, I savored half a cup of sweet, raw cherries with pits.",0.04850347297801485,0.012177822177822177,0.0011889008353320651,0.03778882765095537
"For a satisfying snack, I opened a jar of junior lamb baby food.",0.0,0.17968697968697966,0.03180740495685496,0.06912738842429195
"For a quick snack, I enjoyed a cup of hot cereal made with skim milk, paired with an ounce of plain biscuits.",0.08660101931978828,0.10413170163170164,0.030394077550795356,0.11861927777874366
"At lunch, I treated myself to a jar of junior chicken baby food, providing a tasty and balanced option.",0.0,0.16550116550116548,0.05872136299727069,0.0901124884816663
I kicked off my morning with a nourishing breakfast of two cups of uncooked dehydrated peaches.,0.8473041130961769,0.18889110889110886,0.020586937942822486,0.6554583862162491
"I kicked off my day with a cup of uncooked sulfured dehydrated apricots at breakfast, which provided a deliciously fruity boost.",0.433093349394464,0.09708624708624708,0.006356311857304331,0.3310325642853417
"This morning, I poured myself two cups of plain cereal, keeping my breakfast simple yet satisfying.",0.19420883838575098,0.09400599400599399,0.020107931519311884,0.19298642140584524
I munched on a package of frozen peas and a generously sized slice of raw onion for my snack.,0.10536417834397141,0.13936063936063933,0.0076675488655473766,0.1169045673453066
"During my afternoon snack, I enjoyed a quarter cup of homemade baked egg custard, a delightful comfort food.",0.01702488630043293,0.02946303696303695,0.013908847489868495,0.031868838778100386
"In the morning, I added a slice of lemon to my glass of water, savoring the refreshing citrus taste as part of my breakfast routine.",0.002148362828317688,0.0009615384615384615,0.00013568976924985526,0.0013235217413981953
"I kicked off my day with a satisfying breakfast that included three-quarters of a serving of meat and vegetable topped rising crust pizza, straight from the freezer.",0.1307866913467146,0.21764985014985014,0.10477188611363825,0.24382791174783108
"For lunch, I indulged in an ounce of homemade pasta made with egg, cooked to perfection.",0.05891335123196621,0.05010989010989011,0.008544578612190885,0.06441573795573483
"For dinner, I savored half a breast of rotisserie BBQ chicken, complete with meat and skin.",0.0007587106003132974,0.842997002997003,0.12687122653213131,0.29208755672236036
"For my dinner, I indulged in a half-ounce of fresh raw spiny lobster, enjoying its sweet and tender meat.",0.004534481322184942,0.14577089577089578,0.0055288196454663235,0.041379070535667715
"For lunch, I savored 0.75 oz of cooked Australian lamb, seasoned with a dash of table salt, and enjoyed it alongside a 0.75 child-sized serving of cola.",0.09518261577992913,0.09998751248751248,0.3691892471673145,0.4305227150233844
"My breakfast consisted of two slices of mortadella, a delightful way to kick off the day.",0.0040174780051311755,0.08176823176823177,0.06562215697626333,0.08110645548272685
"For a light lunch, I served myself 2 ounces of deliciously cooked plain pasta.",0.2802171150490445,0.21951381951381949,0.023157720618641964,0.2915311994714606
"During dinner, I enjoyed a couple of slices of white bread that was commercially prepared.",0.11794788540703804,0.08572727272727272,0.01688704408237532,0.1281534155119356
"For lunch, I enjoyed a cup of wheat flakes cereal.",0.13395105899512777,0.06699966699966699,0.00506575138532793,0.12483265817062782
I snacked on a single boiled baby potato and complemented it with two servings of delicious raw turkey sausage.,0.05622625118918995,0.3753346653346653,0.10132536597469191,0.21932646000312953
"For my midday meal, I savored two cups of delicious home-prepared baked beans.",0.4805509608852414,0.46673992673992676,0.2245041077385383,0.6817984248135334
"For dinner, I relished a cup of unprepared sweet white corn kernels, which added a sweet touch to my plate.",0.17024886300432931,0.09010989010989008,0.011087792572988172,0.1405671366726359
"At lunch, I savored an ounce of cooked beef liver along with two cups of elbow pasta and a couple of servings of dry onion soup mix.",0.8620730647528543,0.9237695637695637,0.0664526645163069,0.9544482500825844
"As a quick snack, I savored a cup of creamy lactose-free whole milk.",0.04960246177001958,0.13284715284715282,0.06726766465415047,0.1293878331623694
"Starting my day right, I savored a cup of human milk for breakfast.",0.07441949912586922,0.04218781218781218,0.09282730956910099,0.14969487282020968
"For dinner, I indulged in a serving of instant Cream of Wheat, measuring 0.75 cup, perfect for a cozy evening meal.",0.4425482533685071,0.23561438561438558,0.01610185261764949,0.424752681815811
"At dinner, I savored a warm cup of cocoa mix, prepared simply with water, measuring 0.75 fl oz.",0.013034476876615018,0.00394055944055944,0.001218946427094533,0.012299624458855643
"This morning, I enjoyed a refreshing snack-size container of canned fruit cocktail in syrup for breakfast.",0.07839131399301859,0.0073376623376623365,0.0006814641744548286,0.06090373280943026
"For a quick snack, I nibbled on a quarter of a delicious thick-crust pizza loaded with meat and vegetables from my favorite fast food spot.",0.04032208757816657,0.05555611055611055,0.027669082375320484,0.06867100161691327
"For lunch, I treated myself to 2 ounces of shrimp cooked with moist heat, and it was simply irresistible.",0.011345533513944217,0.6447885447885449,0.024897995754417885,0.1758610497765878
"For dinner, I had a medium potato pancake that was perfectly crispy on the outside and soft on the inside.",0.06343663630397292,0.05209790209790209,0.06513108923993052,0.11926908566163047
"For lunch, I had two cups of baked French fries made from frozen potatoes.",0.13461844331947742,0.05494505494505494,0.05665370937060624,0.1648208355790462
"I relished a serving of cooked turkey sausage for dinner, which was both flavorful and satisfying.",0.0,0.2267282717282717,0.051267471673145305,0.09711911261018481
"During my lunch break, I enjoyed a refreshing half-cup serving of raw purslane, which was crisp and nutritious.",0.0032001517421200625,0.0072668997668997645,0.0006668182945992887,0.0037380252794825875
"For my evening meal, I had a couple of tablespoons of regular plain cream cheese as a dip for my bagel.",0.007270976586335767,0.030719280719280716,0.08901248862790505,0.09127736147573762
"At dinner, I enjoyed two tablespoons of boiled and drained sweet white corn, enhanced with a sprinkle of salt and a half teaspoon of regular sour cream.",0.01809429284319223,0.010205419580419577,0.0038897733851625173,0.017570892084079488
"This evening, my meal consisted of two slices of savory cured dried beef, perfect for satisfying my hunger.",0.006786244813913383,0.28997668997668996,0.00935957875003446,0.0744823269642019
"At dinner, I enjoyed 2 ounces of cooked pink beans, which added a hearty touch to my meal.",0.16400794143439112,0.20187812187812187,0.08634521544950789,0.2466053514613071
"To satisfy my cravings, I had a pastry, fried to perfection, as my go-to snack.",0.07165951368977583,0.04572427572427572,0.10184917156011357,0.15875306431142097
"As a snack, I enjoyed two tablespoons of sugar-free chocolate instant breakfast powder, which was both convenient and tasty.",0.020162031693510774,0.06675990675990673,0.004921015631461417,0.03485578176886833
"To start my morning, I prepared a cup of boiled apple slices without skin, making for a wholesome and tasty breakfast option.",0.10241012457145529,0.007402597402597402,0.005303531552394341,0.07878540257662951
"For a quick snack, I savored an ounce of French fries, enjoying their crispy exterior and fluffy interior.",0.012184154605725696,0.004820179820179819,0.016928914068315277,0.02581845367456578
"For my snack, I prepared a 0.75 fl oz serving of Enfamil Infant formula made with bottled water.",0.007412246919467019,0.005332167832167832,0.006877855946571831,0.013124380617904273
"For breakfast today, I savored a tablespoon of seasoned, boiled dandelion greens, perfectly drained and sprinkled with salt.",0.0018440882646503756,0.002185314685314685,0.00033922442312463814,0.001882595580437088
I savored two sun-dried hot chile peppers during lunch to enhance the flavors of my meal.,0.0030673334802017913,0.0017615717615717616,0.0005005444821216883,0.0028165585826799037
"I kicked off my day with two envelopes of dry gelatin powder, which added a unique twist to my breakfast routine.",0.0,0.1995337995337995,0.00012061312822209357,0.04077055479249613
"For lunch, I had a 2 oz serving of raw deer game meat.",0.0,0.2167552447552447,0.01182129269704739,0.05914773023627798
"During my snack time, I enjoyed a refreshing cup of fruit-flavored yogurt paired with a piece of sugar-free gum to freshen my breath.",0.176360698395742,0.19009324009324008,0.02908930196013564,0.2012013839386616
"For a quick snack, I prepared a serving of 0.75 oz of plain biscuits from the dry mix and complemented it with a cup of whole milk.",0.1087907797343042,0.16116883116883116,0.09547756768119538,0.20849792235339118
"For breakfast, I had an ounce of prepared fondant candies that were simply delightful.",0.11598669753758235,0.0,4.8848316929947886e-05,0.09192543074221535
"At breakfast time, I made a bottle of Gerber Good Start 2 Soy infant formula using two scoops of the powder.",0.04589496622080344,0.03912753912753913,0.041463347393377994,0.08187840116835024
"This morning, my breakfast included 0.75 of a regular-sized cooked carrot, alongside a 0.25 cup of shredded boiled cabbage seasoned with salt, and 0.5 cup of chayote cooked to perfection.",0.040085539351361714,0.019578338328338326,0.01498273509221735,0.04532355651372638
"For a light snack, I squeezed a quarter of a raw lime over a quarter cup of boiled sweet corn kernels, and it was a perfect combination.",0.043177789976567994,0.020839577089577087,0.0018167352438452843,0.03305544447728498
"During lunch, I tried a unique dish of boiled chicken feet, just a half-ounce serving.",0.00037320833927448083,0.13727938727938724,0.053457461472720756,0.07943303718900499
"In the afternoon, I snacked on a fluffy extra-large corn tortilla alongside a quarter-ounce serving of cooked pink beans.",0.1479011476485734,0.08692307692307692,0.026752853362004798,0.15400664151468263
"For dinner, I had 0.75 oz of raw veal shank that I seasoned and roasted to bring out its rich flavor.",0.0,0.27205794205794204,0.0240946261682243,0.0788310412573674
"My snack today featured two raw limes, mixed with two tablespoons of fresh spearmint and a half cup of granulated sugar, perfect for a refreshing pick-me-up.",0.507743710808322,0.028107226107226106,0.006499669175419733,0.3922596797468575
"For dinner, I had a cup of boiled and drained sweet yellow corn kernels, lightly seasoned with salt.",0.13554707348131922,0.07005494505494504,0.009524129517823172,0.11331432446059425
"For lunch, I had a large stalk of boiled and drained broccoli seasoned with a pinch of salt.",0.08827035826793131,0.11095571095571094,0.009890276514211671,0.08519220404402177
I savored a nutritious half-cup of cooked yellow beans with salt during my lunch.,0.09823194744611888,0.13497502497502498,0.008234430568191215,0.11078463758540953
"To start my day, I enjoyed a hearty breakfast featuring 0.75 cup of yellow corn flour, packed with whole grains.",0.29608977548554677,0.10124999999999998,0.029181054089818872,0.27537727976076637
"I savored a cup of fresh, raw chayote fruit for my lunch today.",0.026138633945515747,0.01802197802197802,0.0014783723430650897,0.021802249769633325
"My breakfast featured a bowl of half a cup of cooked, salted large lima beans accompanied by a freshly made medium corn tortilla.",0.14105694577491387,0.14865134865134863,0.009952306123011604,0.1470347897143453
"For breakfast, I had a quarter fluid ounce of cocoa mix prepared with water, paired with two fluid ounces of reduced-fat chocolate milk enriched with added vitamin A and vitamin D.",0.03757845744870608,0.03237845487845487,0.010620524391420616,0.04532594711128884
I treated myself to a 12 fl oz serving of Budweiser beer for a satisfying snack.,0.04655400824109873,0.021398601398601395,0.0,0.12724064189717824
"To start my day, I enjoyed a large flour tortilla filled with half a cup of delicious home-cooked baked beans.",0.2740743253189038,0.2136213786213786,0.10499932801257132,0.35931550671975243
"I wrapped up my day with a hearty dinner featuring a large fried cod fillet, bursting with flavor and perfectly cooked.",0.108063572308512,0.47272727272727266,0.22578777603175912,0.3961437488047012
"For dinner, I savored a tablespoon of delicious fish curry paired with two large chappatti.",0.21497766293205864,0.1482434232434232,0.08938294323601577,0.28231653250343375
"During snack time, I enjoyed a generous serving of two cups of parboiled white rice complemented by a tender boiled baby potato.",0.4018378095831779,0.16711788211788212,0.026549534088716124,0.387172488133943
"For my snack, I had a multigrain hamburger bun.",0.10182879769945599,0.0831168831168831,0.026879497146637996,0.1188865900516369
"For breakfast, I savored a mixture of half a cup of mung beans and a quarter cup of fresh coconut, providing a wholesome and energizing meal.",0.2987777536655919,0.42295579420579416,0.0715655842499931,0.37760140480205856
"For a quick snack, I prepared 0.75 ounces of dried chickpeas, which I cooked with a bit of fat to make them more delectable.",0.0604123315499463,0.07399600399600399,0.04145128608055578,0.09904897682424327
I opted for a nutritious snack of two cups of cooked brown rice from Uncle Ben's.,0.4264366298277106,0.1594905094905095,0.022701113776086895,0.3961437488047012
"For breakfast, I had two cups of fried rice, which made for a hearty start to my day.",0.5650813325250079,0.2531868131868132,0.10883094863948391,0.5989881252499261
"This morning, I enjoyed a slice of bread topped with a generous serving of fruit butter, measured as one guideline amount per slice of bread, for a delightful start to my day.",0.018647244904690823,0.0006493506493506492,0.0002584567033330576,0.015039031938383435
